{
  "aggregate": {
    "amortized_fixed": {
      "final_ratio": {
        "mean": 0.8384236700108125,
        "n": 16,
        "sd": 0.05851796600725054,
        "two_se": 0.02925898300362527
      },
      "forward_circuit_evaluations": {
        "mean": 694.75,
        "n": 16,
        "sd": 10.08959860450355,
        "two_se": 5.044799302251775
      },
      "mean_ratio": {
        "mean": 0.7836925560372578,
        "n": 16,
        "sd": 0.04722156341750332,
        "two_se": 0.02361078170875166
      },
      "objective_evaluations": {
        "mean": 648,
        "n": 16,
        "sd": 0.0,
        "two_se": 0.0
      },
      "observable_evaluations": {
        "mean": 46.75,
        "n": 16,
        "sd": 10.08959860450355,
        "two_se": 5.044799302251775
      },
      "optimized_dimension": {
        "mean": 5.46875,
        "n": 16,
        "sd": 0.6944722216666889,
        "two_se": 0.34723611083334444
      },
      "refreshes": {
        "mean": 3,
        "n": 16,
        "sd": 0.0,
        "two_se": 0.0
      },
      "residual_checks": {
        "mean": 0,
        "n": 16,
        "sd": 0.0,
        "two_se": 0.0
      },
      "shots": {
        "mean": 0,
        "n": 16,
        "sd": 0.0,
        "two_se": 0.0
      },
      "simulator_vjps": {
        "mean": 71,
        "n": 16,
        "sd": 10.456258094238748,
        "two_se": 5.228129047119374
      },
      "subspace_builds": {
        "mean": 4,
        "n": 16,
        "sd": 0.0,
        "two_se": 0.0
      }
    },
    "amortized_gated": {
      "final_ratio": {
        "mean": 0.8649542752511875,
        "n": 16,
        "sd": 0.06566559404469947,
        "two_se": 0.03283279702234974
      },
      "forward_circuit_evaluations": {
        "mean": 789.25,
        "n": 16,
        "sd": 14.946571513226704,
        "two_se": 7.473285756613352
      },
      "mean_ratio": {
        "mean": 0.8087446022242422,
        "n": 16,
        "sd": 0.04749065083136246,
        "two_se": 0.02374532541568123
      },
      "objective_evaluations": {
        "mean": 676,
        "n": 16,
        "sd": 0.0,
        "two_se": 0.0
      },
      "observable_evaluations": {
        "mean": 113.25,
        "n": 16,
        "sd": 14.946571513226704,
        "two_se": 7.473285756613352
      },
      "optimized_dimension": {
        "mean": 6.609375,
        "n": 16,
        "sd": 0.4651948516482099,
        "two_se": 0.23259742582410495
      },
      "refreshes": {
        "mean": 6.25,
        "n": 16,
        "sd": 0.6831300510639732,
        "two_se": 0.3415650255319866
      },
      "residual_checks": {
        "mean": 7,
        "n": 16,
        "sd": 0.0,
        "two_se": 0.0
      },
      "shots": {
        "mean": 0,
        "n": 16,
        "sd": 0.0,
        "two_se": 0.0
      },
      "simulator_vjps": {
        "mean": 138.875,
        "n": 16,
        "sd": 13.564045610854208,
        "two_se": 6.782022805427104
      },
      "subspace_builds": {
        "mean": 7.25,
        "n": 16,
        "sd": 0.6831300510639732,
        "two_se": 0.3415650255319866
      }
    },
    "amortized_none": {
      "final_ratio": {
        "mean": 0.7213203215669375,
        "n": 16,
        "sd": 0.04724118199420774,
        "two_se": 0.02362059099710387
      },
      "forward_circuit_evaluations": {
        "mean": 652.75,
        "n": 16,
        "sd": 1.6124515496597098,
        "two_se": 0.8062257748298549
      },
      "mean_ratio": {
        "mean": 0.7198906391603828,
        "n": 16,
        "sd": 0.047609743009902825,
        "two_se": 0.023804871504951412
      },
      "objective_evaluations": {
        "mean": 648,
        "n": 16,
        "sd": 0.0,
        "two_se": 0.0
      },
      "observable_evaluations": {
        "mean": 4.75,
        "n": 16,
        "sd": 1.6124515496597098,
        "two_se": 0.8062257748298549
      },
      "optimized_dimension": {
        "mean": 2.375,
        "n": 16,
        "sd": 0.8062257748298549,
        "two_se": 0.40311288741492746
      },
      "refreshes": {
        "mean": 0,
        "n": 16,
        "sd": 0.0,
        "two_se": 0.0
      },
      "residual_checks": {
        "mean": 0,
        "n": 16,
        "sd": 0.0,
        "two_se": 0.0
      },
      "shots": {
        "mean": 0,
        "n": 16,
        "sd": 0.0,
        "two_se": 0.0
      },
      "simulator_vjps": {
        "mean": 17.125,
        "n": 16,
        "sd": 2.4186773244895647,
        "two_se": 1.2093386622447824
      },
      "subspace_builds": {
        "mean": 1,
        "n": 16,
        "sd": 0.0,
        "two_se": 0.0
      }
    },
    "amortized_per_task": {
      "final_ratio": {
        "mean": 0.8679466264045,
        "n": 16,
        "sd": 0.06693827943733704,
        "two_se": 0.03346913971866852
      },
      "forward_circuit_evaluations": {
        "mean": 776,
        "n": 16,
        "sd": 9.352361555600098,
        "two_se": 4.676180777800049
      },
      "mean_ratio": {
        "mean": 0.8136310589785938,
        "n": 16,
        "sd": 0.05242218087795014,
        "two_se": 0.02621109043897507
      },
      "objective_evaluations": {
        "mean": 648,
        "n": 16,
        "sd": 0.0,
        "two_se": 0.0
      },
      "observable_evaluations": {
        "mean": 128,
        "n": 16,
        "sd": 9.352361555600098,
        "two_se": 4.676180777800049
      },
      "optimized_dimension": {
        "mean": 6.71875,
        "n": 16,
        "sd": 0.3145764348029479,
        "two_se": 0.15728821740147395
      },
      "refreshes": {
        "mean": 7,
        "n": 16,
        "sd": 0.0,
        "two_se": 0.0
      },
      "residual_checks": {
        "mean": 0,
        "n": 16,
        "sd": 0.0,
        "two_se": 0.0
      },
      "shots": {
        "mean": 0,
        "n": 16,
        "sd": 0.0,
        "two_se": 0.0
      },
      "simulator_vjps": {
        "mean": 153.5,
        "n": 16,
        "sd": 10.106103766206507,
        "two_se": 5.053051883103254
      },
      "subspace_builds": {
        "mean": 8,
        "n": 16,
        "sd": 0.0,
        "two_se": 0.0
      }
    },
    "amortized_random": {
      "final_ratio": {
        "mean": 0.8109021848769375,
        "n": 16,
        "sd": 0.0641447117276816,
        "two_se": 0.0320723558638408
      },
      "forward_circuit_evaluations": {
        "mean": 682.75,
        "n": 16,
        "sd": 24.120530674095875,
        "two_se": 12.060265337047937
      },
      "mean_ratio": {
        "mean": 0.7681137566041015,
        "n": 16,
        "sd": 0.05161672615409221,
        "two_se": 0.025808363077046106
      },
      "objective_evaluations": {
        "mean": 648,
        "n": 16,
        "sd": 0.0,
        "two_se": 0.0
      },
      "observable_evaluations": {
        "mean": 34.75,
        "n": 16,
        "sd": 24.120530674095875,
        "two_se": 12.060265337047937
      },
      "optimized_dimension": {
        "mean": 4.671875,
        "n": 16,
        "sd": 1.5644987216357833,
        "two_se": 0.7822493608178916
      },
      "refreshes": {
        "mean": 2.25,
        "n": 16,
        "sd": 1.3416407864998738,
        "two_se": 0.6708203932499369
      },
      "residual_checks": {
        "mean": 0,
        "n": 16,
        "sd": 0.0,
        "two_se": 0.0
      },
      "shots": {
        "mean": 0,
        "n": 16,
        "sd": 0.0,
        "two_se": 0.0
      },
      "simulator_vjps": {
        "mean": 56.625,
        "n": 16,
        "sd": 26.25737991498771,
        "two_se": 13.128689957493854
      },
      "subspace_builds": {
        "mean": 3.25,
        "n": 16,
        "sd": 1.3416407864998738,
        "two_se": 0.6708203932499369
      }
    },
    "amortized_random_basis": {
      "final_ratio": {
        "mean": 0.7335615691470625,
        "n": 16,
        "sd": 0.0403820051408584,
        "two_se": 0.0201910025704292
      },
      "forward_circuit_evaluations": {
        "mean": 648,
        "n": 16,