{
  "aggregate": {
    "amortized_gated": {
      "final_ratio": {
        "mean": 0.9009956919190416,
        "n": 8,
        "sd": 0.05239991865692759,
        "two_se": 0.03705233781593698
      },
      "forward_circuit_evaluations": {
        "mean": 771.6666666666666,
        "n": 8,
        "sd": 10.321806166542899,
        "two_se": 7.298619134455606
      },
      "mean_ratio": {
        "mean": 0.8353181044277448,
        "n": 8,
        "sd": 0.05542570979810319,
        "two_se": 0.03919189525031643
      },
      "objective_evaluations": {
        "mean": 676,
        "n": 8,
        "sd": 0.0,
        "two_se": 0.0
      },
      "observable_evaluations": {
        "mean": 95.66666666666667,
        "n": 8,
        "sd": 10.321806166542872,
        "two_se": 7.2986191344555875
      },
      "optimized_dimension": {
        "mean": 6.447916666666667,
        "n": 8,
        "sd": 0.32101494550580534,
        "two_se": 0.22699184482938495
      },
      "refreshes": {
        "mean": 5.583333333333333,
        "n": 8,
        "sd": 0.4960158727618966,
        "two_se": 0.35073618720610084
      },
      "residual_checks": {
        "mean": 7,
        "n": 8,
        "sd": 0.0,
        "two_se": 0.0
      },
      "shots": {
        "mean": 173056,
        "n": 8,
        "sd": 0.0,
        "two_se": 0.0
      },
      "simulator_vjps": {
        "mean": 120.41666666666667,
        "n": 8,
        "sd": 11.667006797762982,
        "two_se": 8.24981962284775
      },
      "subspace_builds": {
        "mean": 6.583333333333333,
        "n": 8,
        "sd": 0.4960158727618966,
        "two_se": 0.35073618720610084
      }
    },
    "amortized_per_task": {
      "final_ratio": {
        "mean": 0.9205704162652917,
        "n": 8,
        "sd": 0.04165697110161734,
        "two_se": 0.029455926749645665
      },
      "forward_circuit_evaluations": {
        "mean": 773.0,
        "n": 8,
        "sd": 7.799063842885033,
        "two_se": 5.514770930210822
      },
      "mean_ratio": {
        "mean": 0.844782819609026,
        "n": 8,
        "sd": 0.04876730153187584,
        "two_se": 0.034483689613358515
      },
      "objective_evaluations": {
        "mean": 648,
        "n": 8,
        "sd": 0.0,
        "two_se": 0.0
      },
      "observable_evaluations": {
        "mean": 125.0,
        "n": 8,
        "sd": 7.799063842885041,
        "two_se": 5.514770930210827
      },
      "optimized_dimension": {
        "mean": 6.614583333333333,
        "n": 8,
        "sd": 0.26328774469757704,
        "two_se": 0.18617254967896918
      },
      "refreshes": {
        "mean": 7,
        "n": 8,
        "sd": 0.0,
        "two_se": 0.0
      },
      "residual_checks": {
        "mean": 0,
        "n": 8,
        "sd": 0.0,
        "two_se": 0.0
      },
      "shots": {
        "mean": 165888,
        "n": 8,
        "sd": 0.0,
        "two_se": 0.0
      },
      "simulator_vjps": {
        "mean": 150.91666666666666,
        "n": 8,
        "sd": 8.469834428021318,
        "two_se": 5.989077359581157
      },
      "subspace_builds": {
        "mean": 8,
        "n": 8,
        "sd": 0.0,
        "two_se": 0.0
      }
    },
    "full_spsa": {
      "final_ratio": {
        "mean": 0.8845192962650833,
        "n": 8,
        "sd": 0.054440670584496906,
        "two_se": 0.038495367342640766
      },
      "forward_circuit_evaluations": {
        "mean": 648,
        "n": 8,
        "sd": 0.0,
        "two_se": 0.0
      },
      "mean_ratio": {
        "mean": 0.8386539140479375,
        "n": 8,
        "sd": 0.05311260034487453,
        "two_se": 0.03755627987031174
      },
      "objective_evaluations": {
        "mean": 648,
        "n": 8,
        "sd": 0.0,
        "two_se": 0.0
      },
      "observable_evaluations": {
        "mean": 0,
        "n": 8,
        "sd": 0.0,
        "two_se": 0.0
      },
      "optimized_dimension": {
        "mean": 48.25,
        "n": 8,
        "sd": 8.713700214522612,
        "two_se": 6.161516510915613
      },
      "refreshes": {
        "mean": 0,
        "n": 8,
        "sd": 0.0,
        "two_se": 0.0
      },
      "residual_checks": {
        "mean": 0,
        "n": 8,
        "sd": 0.0,
        "two_se": 0.0
      },
      "shots": {
        "mean": 165888,
        "n": 8,
        "sd": 0.0,
        "two_se": 0.0
      },
      "simulator_vjps": {
        "mean": 0,
        "n": 8,
        "sd": 0.0,
        "two_se": 0.0
      },
      "subspace_builds": {
        "mean": 0,
        "n": 8,
        "sd": 0.0,
        "two_se": 0.0
      }
    }
  },
  "analysis_schema": 1,
  "development_only": true,
  "implementation_sha256": [
    "fe49dff724835e0a9a639191700a1a5f0c02e9e2a1c5a1152e789b7ce829fc69"
  ],
  "measurement_repeats_per_method_unit": [
    3
  ],
  "methods": [
    "amortized_gated",
    "amortized_per_task",
    "full_spsa"
  ],
  "n_rows": 576,
  "n_sampling_units": 8,
  "n_tasks_per_unit": 8,
  "paired_comparisons": {
    "amortized_gated_minus_full_spsa": {
      "mean": -0.003335809620192698,
      "n": 8,
      "sd": 0.023684839606492963,
      "two_se": 0.016747710697066893
    },
    "amortized_per_task_minus_full_spsa": {
      "mean": 0.006128905561088541,
      "n": 8,
      "sd": 0.022220912646215642,
      "two_se": 0.01571255801629299
    }
  },
  "protocol_sha256": [
    "f17516bb20c62ea889ab7b53c645c468b9ea9e066c607c8129929441466b63da"
  ],
  "thesis_gate": null
}
