{
  "design": {
    "depths": [
      1,
      2
    ],
    "families": [
      "er",
      "regular",
      "ring"
    ],
    "n": [
      8,
      10
    ],
    "restart_ids": [
      0,
      1,
      2
    ],
    "rsq_tolerances": [
      0.01,
      0.1
    ]
  },
  "generated_artifact_sha256": {
    "paper/figures/figure1_tradeoff.pdf": "6c87cf6e807d7ac8c62d0cf3ccc221b643a4b7d7db5a2074a07cf214efc354f3",
    "paper/figures/figure1_tradeoff.png": "6fbde34ab267791d42ccd01b52fd784eea2b89fe274958b93dff87f7f5aa9e8b",
    "paper/figures/figure2_family.pdf": "b096baaaf49ce13d28131d0929d9836f88c45242f90efc4bde294a0dfcdbedaa",
    "paper/figures/figure2_family.png": "14617ac4e59ed6207fd2fc530213945aacf70277298f97d758a241e898400681",
    "paper/figures/figure3_operator_budget.pdf": "3398d140ab1f885479203f0b4bee76073ec32f7d25dd9cdb2e4d53c5ba862015",
    "paper/figures/figure3_operator_budget.png": "f417f2cb2770629c230935c276c4157d315cba05f1f59b6e40ee02cac2730a45",
    "paper/figures/figure4_rank.pdf": "772963d553097d708ce3f7fbf10cc9f4bc89e310329eb8b7e8f839de7b732adf",
    "paper/figures/figure4_rank.png": "69da510b1346f333b33040d669d3986037d6396daef285349af4a44dd17ca42d",
    "paper/tables/table1_summary.tex": "c03c83c87db8fdb9790d4b6e2d71f0aa4e05faf81c0083dda8cdea7979a84b03"
  },
  "merge_shards_sha256": "105d5013f5af4f6f099bd5b25e1b0dbce59a4b5a2b1ce25fff907dd077a22317",
  "n_graph_depth_clusters": 28,
  "n_paired_runs": 36,
  "n_rows": 216,
  "n_unique_topologies": 14,
  "operator_count_convention": "forward_F, JVP, VJP, and dense-Jacobian materializations are separate overlapping categories and must not be summed",
  "p1:fixed_rank_oracle:none": {
    "approx_ratio_mean": 0.7643977142857142,
    "approx_ratio_sd": 0.0505837356183652,
    "dense_jacobian_mean": 1.0,
    "forward_F_mean": 101.0,
    "jvp_mean": 0.0,
    "n_graph_depth_clusters": 14,
    "n_runs": 18,
    "optimized_parameter_reduction_mean": 0.646838895267726,
    "optimized_parameter_reduction_sd": 0.07463367171650027,
    "paired_delta_2se": 0.020897154227676077,
    "paired_delta_mean": -0.09765923809523809,
    "parameters_mean": 8.0,
    "refreshes_mean": 0.0,
    "vjp_mean": 100.0
  },
  "p1:full_maqaoa:none": {
    "approx_ratio_mean": 0.8620569523809524,
    "approx_ratio_sd": 0.05322187987777257,
    "dense_jacobian_mean": 0.0,
    "forward_F_mean": 101.0,
    "jvp_mean": 0.0,
    "n_graph_depth_clusters": 14,
    "n_runs": 18,
    "optimized_parameter_reduction_mean": 0.0,
    "optimized_parameter_reduction_sd": 0.0,
    "paired_delta_2se": 0.0,
    "paired_delta_mean": 0.0,
    "parameters_mean": 23.714285714285715,
    "refreshes_mean": 0.0,
    "vjp_mean": 100.0
  },
  "p1:rsq:0.01": {
    "approx_ratio_mean": 0.8668937380952381,
    "approx_ratio_sd": 0.05065430506002586,
    "dense_jacobian_mean": 0.0,
    "forward_F_mean": 748.9047619047619,
    "jvp_mean": 133.61904761904762,
    "n_graph_depth_clusters": 14,
    "n_runs": 18,
    "optimized_parameter_reduction_mean": 0.3910584342629974,
    "optimized_parameter_reduction_sd": 0.06257331391043643,
    "paired_delta_2se": 0.00940079359588931,
    "paired_delta_mean": 0.004836785714285709,
    "parameters_mean": 14.714285714285714,
    "refreshes_mean": 3.0,
    "vjp_mean": 480.6666666666667
  },
  "p1:rsq:0.1": {
    "approx_ratio_mean": 0.8617288571428572,
    "approx_ratio_sd": 0.05054969851182241,
    "dense_jacobian_mean": 0.0,
    "forward_F_mean": 718.4761904761905,
    "jvp_mean": 126.9047619047619,
    "n_graph_depth_clusters": 14,
    "n_runs": 18,
    "optimized_parameter_reduction_mean": 0.3910584342629974,
    "optimized_parameter_reduction_sd": 0.06257331391043643,
    "paired_delta_2se": 0.00789702019239315,
    "paired_delta_mean": -0.00032809523809523036,
    "parameters_mean": 14.714285714285714,
    "refreshes_mean": 3.0,
    "vjp_mean": 463.6666666666667
  },
  "p1:rsq_adjoint_free:none": {
    "approx_ratio_mean": 0.7981955714285714,
    "approx_ratio_sd": 0.05464116678817483,
    "dense_jacobian_mean": 0.0,
    "forward_F_mean": 487.85714285714283,
    "jvp_mean": 143.42857142857142,
    "n_graph_depth_clusters": 14,
    "n_runs": 18,
    "optimized_parameter_reduction_mean": 0.646838895267726,
    "optimized_parameter_reduction_sd": 0.07463367171650027,
    "paired_delta_2se": 0.019776570445550604,
    "paired_delta_mean": -0.06386138095238095,
    "parameters_mean": 8.0,
    "refreshes_mean": 3.0,
    "vjp_mean": 0.0
  },
  "p1:symmetry:none": {
    "approx_ratio_mean": 0.8453089523809524,
    "approx_ratio_sd": 0.06530132318902024,
    "dense_jacobian_mean": 0.0,
    "forward_F_mean": 101.0,
    "jvp_mean": 0.0,
    "n_graph_depth_clusters": 14,
    "n_runs": 18,
    "optimized_parameter_reduction_mean": 0.4430038458214502,
    "optimized_parameter_reduction_sd": 0.2789472474663945,
    "paired_delta_2se": 0.014209786876548254,
    "paired_delta_mean": -0.016747999999999992,
    "parameters_mean": 14.357142857142858,
    "refreshes_mean": 0.0,
    "vjp_mean": 100.0
  },
  "p2:fixed_rank_oracle:none": {
    "approx_ratio_mean": 0.7639673095238095,
    "approx_ratio_sd": 0.04752780207315897,
    "dense_jacobian_mean": 1.0,
    "forward_F_mean": 101.0,
    "jvp_mean": 0.0,
    "n_graph_depth_clusters": 14,
    "n_runs": 18,
    "optimized_parameter_reduction_mean": 0.823419447633863,
    "optimized_parameter_reduction_sd": 0.037316835858250116,
    "paired_delta_2se": 0.025398500542109688,
    "paired_delta_mean": -0.18065133333333333,
    "parameters_mean": 8.0,
    "refreshes_mean": 0.0,
    "vjp_mean": 100.0
  },
  "p2:full_maqaoa:none": {
    "approx_ratio_mean": 0.9446186428571428,
    "approx_ratio_sd": 0.043592187593506054,
    "dense_jacobian_mean": 0.0,
    "forward_F_mean": 101.0,
    "jvp_mean": 0.0,
    "n_graph_depth_clusters": 14,
    "n_runs": 18,
    "optimized_parameter_reduction_mean": 0.0,
    "optimized_parameter_reduction_sd": 0.0,
    "paired_delta_2se": 0.0,
    "paired_delta_mean": 0.0,
    "parameters_mean": 47.42857142857143,
    "refreshes_mean": 0.0,
    "vjp_mean": 100.0
  },
  "p2:rsq:0.01": {
    "approx_ratio_mean": 0.8969522142857143,
    "approx_ratio_sd": 0.05357049520305909,
    "dense_jacobian_mean": 0.0,
    "forward_F_mean": 866.7619047619048,
    "jvp_mean": 155.04761904761904,
    "n_graph_depth_clusters": 14,
    "n_runs": 18,
    "optimized_parameter_reduction_mean": 0.6955292171314986,
    "optimized_parameter_reduction_sd": 0.03128665695521822,
    "paired_delta_2se": 0.024740487253893995,
    "paired_delta_mean": -0.047666428571428575,
    "parameters_mean": 14.714285714285714,
    "refreshes_mean": 3.0,
    "vjp_mean": 555.6666666666666
  },
  "p2:rsq:0.1": {
    "approx_ratio_mean": 0.905827119047619,
    "approx_ratio_sd": 0.05809525649282944,
    "dense_jacobian_mean": 0.0,
    "forward_F_mean": 809.3809523809524,
    "jvp_mean": 144.52380952380952,
    "n_graph_depth_clusters": 14,
    "n_runs": 18,
    "optimized_parameter_reduction_mean": 0.6955292171314986,
    "optimized_parameter_reduction_sd": 0.03128665695521822,
    "paired_delta_2se": 0.018432379307587385,
    "paired_delta_mean": -0.03879152380952382,
    "parameters_mean": 14.714285714285714,
    "refreshes_mean": 3.0,
    "vjp_mean": 519.3333333333334
  },
  "p2:rsq_adjoint_free:none": {
    "approx_ratio_mean": 0.7973674285714285,
    "approx_ratio_sd": 0.05338598158235548,
    "dense_jacobian_mean": 0.0,
    "forward_F_mean": 489.0,
    "jvp_mean": 144.0,
    "n_graph_depth_clusters": 14,
    "n_runs": 18,
    "optimized_parameter_reduction_mean": 0.823419447633863,
    "optimized_parameter_reduction_sd": 0.037316835858250116,
    "paired_delta_2se": 0.02651106432936975,
    "paired_delta_mean": -0.1472512142857143,
    "parameters_mean": 8.0,
    "refreshes_mean": 3.0,
    "vjp_mean": 0.0
  },
  "p2:symmetry:none": {
    "approx_ratio_mean": 0.9400744285714286,
    "approx_ratio_sd": 0.06416358073730741,
    "dense_jacobian_mean": 0.0,
    "forward_F_mean": 101.0,
    "jvp_mean": 0.0,