{
  "design": {
    "depths": [
      1,
      2
    ],
    "families": [
      "er",
      "regular",
      "ring"
    ],
    "n": [
      8,
      10
    ],
    "restart_ids": [
      0,
      1,
      2
    ],
    "rsq_tolerances": [
      0.01,
      0.1
    ]
  },
  "generated_artifact_sha256": {
    "paper/figures/figure1_tradeoff.pdf": "8181e43cb1c6c63b29bb969a28439cd17e5974e4fa58b1718326b12fe5c2a3e4",
    "paper/figures/figure1_tradeoff.png": "3b5d4009c5791d834e6ae1c91cec12109a81738e0ed9ea591da0aa78327ed6a2",
    "paper/figures/figure2_family.pdf": "483a4a52473ebee915fb0b48d0db40f8d16785d600d1a795dd9113a018133fc6",
    "paper/figures/figure2_family.png": "aa56430007baf529eeb82018869b4e81f79a6a467e2cbdb9e6b358ef8182a6de",
    "paper/figures/figure3_operator_budget.pdf": "b7fe1a54d19a2278fd2915027ca264e4258895e4a1eb5fbc19638f208810d29e",
    "paper/figures/figure3_operator_budget.png": "a0e300de8430b9da250edc9f47e8b9fe6e0c05bdd03b2fd1b31b42cee5f0d9de",
    "paper/figures/figure4_rank.pdf": "85bf7b3bf880735a6fe38919dc272b4943e0259fd03f8f5229d6b546238925ae",
    "paper/figures/figure4_rank.png": "01f90a4bb4b53009f552e3ea8fd05d636d42b0e0e8938037bc87d351f7af0d3b",
    "paper/legacy_evidence_claims.tex": "d0d14201718751fefab0a3d95eb0376a142b4b14fe4686e3cff3525dd76b8272",
    "paper/tables/table1_summary.tex": "c03c83c87db8fdb9790d4b6e2d71f0aa4e05faf81c0083dda8cdea7979a84b03"
  },
  "merge_shards_sha256": "105d5013f5af4f6f099bd5b25e1b0dbce59a4b5a2b1ce25fff907dd077a22317",
  "n_graph_depth_clusters": 28,
  "n_paired_runs": 36,
  "n_rows": 216,
  "n_unique_topologies": 14,
  "operator_count_convention": "forward_F, JVP, VJP, and dense-Jacobian materializations are separate overlapping categories and must not be summed",
  "p1:fixed_rank_oracle:none": {
    "approx_ratio_mean": 0.7643977142857142,
    "approx_ratio_sd": 0.0505837356183652,
    "dense_jacobian_mean": 1.0,
    "forward_F_mean": 101.0,
    "jvp_mean": 0.0,
    "n_graph_depth_clusters": 14,
    "n_runs": 18,
    "optimized_parameter_reduction_mean": 0.646838895267726,
    "optimized_parameter_reduction_sd": 0.07463367171650027,
    "paired_delta_2se": 0.020897154227676077,
    "paired_delta_mean": -0.09765923809523809,
    "parameters_mean": 8.0,
    "refreshes_mean": 0.0,
    "vjp_mean": 100.0
  },
  "p1:full_maqaoa:none": {
    "approx_ratio_mean": 0.8620569523809524,
    "approx_ratio_sd": 0.05322187987777257,
    "dense_jacobian_mean": 0.0,
    "forward_F_mean": 101.0,
    "jvp_mean": 0.0,
    "n_graph_depth_clusters": 14,
    "n_runs": 18,
    "optimized_parameter_reduction_mean": 0.0,
    "optimized_parameter_reduction_sd": 0.0,
    "paired_delta_2se": 0.0,
    "paired_delta_mean": 0.0,
    "parameters_mean": 23.714285714285715,
    "refreshes_mean": 0.0,
    "vjp_mean": 100.0
  },
  "p1:rsq:0.01": {
    "approx_ratio_mean": 0.8668937380952381,
    "approx_ratio_sd": 0.05065430506002586,
    "dense_jacobian_mean": 0.0,
    "forward_F_mean": 748.9047619047619,
    "jvp_mean": 133.61904761904762,
    "n_graph_depth_clusters": 14,
    "n_runs": 18,
    "optimized_parameter_reduction_mean": 0.3910584342629974,
    "optimized_parameter_reduction_sd": 0.06257331391043643,
    "paired_delta_2se": 0.00940079359588931,
    "paired_delta_mean": 0.004836785714285709,
    "parameters_mean": 14.714285714285714,
    "refreshes_mean": 3.0,
    "vjp_mean": 480.6666666666667
  },
  "p1:rsq:0.1": {
    "approx_ratio_mean": 0.8617288571428572,
    "approx_ratio_sd": 0.05054969851182241,
    "dense_jacobian_mean": 0.0,
    "forward_F_mean": 718.4761904761905,
    "jvp_mean": 126.9047619047619,
    "n_graph_depth_clusters": 14,
    "n_runs": 18,
    "optimized_parameter_reduction_mean": 0.3910584342629974,
    "optimized_parameter_reduction_sd": 0.06257331391043643,
    "paired_delta_2se": 0.00789702019239315,
    "paired_delta_mean": -0.00032809523809523036,
    "parameters_mean": 14.714285714285714,
    "refreshes_mean": 3.0,
    "vjp_mean": 463.6666666666667
  },
  "p1:rsq_adjoint_free:none": {
    "approx_ratio_mean": 0.7981955714285714,
    "approx_ratio_sd": 0.05464116678817483,
    "dense_jacobian_mean": 0.0,
    "forward_F_mean": 487.85714285714283,
    "jvp_mean": 143.42857142857142,
    "n_graph_depth_clusters": 14,
    "n_runs": 18,
    "optimized_parameter_reduction_mean": 0.646838895267726,
    "optimized_parameter_reduction_sd": 0.07463367171650027,
    "paired_delta_2se": 0.019776570445550604,
    "paired_delta_mean": -0.06386138095238095,
    "parameters_mean": 8.0,
    "refreshes_mean": 3.0,
    "vjp_mean": 0.0
  },
  "p1:symmetry:none": {
    "approx_ratio_mean": 0.8453089523809524,
    "approx_ratio_sd": 0.06530132318902024,
    "dense_jacobian_mean": 0.0,
    "forward_F_mean": 101.0,
    "jvp_mean": 0.0,
    "n_graph_depth_clusters": 14,
    "n_runs": 18,
    "optimized_parameter_reduction_mean": 0.4430038458214502,
    "optimized_parameter_reduction_sd": 0.2789472474663945,
    "paired_delta_2se": 0.014209786876548254,
    "paired_delta_mean": -0.016747999999999992,
    "parameters_mean": 14.357142857142858,
    "refreshes_mean": 0.0,
    "vjp_mean": 100.0
  },
  "p2:fixed_rank_oracle:none": {
    "approx_ratio_mean": 0.7639673095238095,
    "approx_ratio_sd": 0.04752780207315897,
    "dense_jacobian_mean": 1.0,
    "forward_F_mean": 101.0,
    "jvp_mean": 0.0,
    "n_graph_depth_clusters": 14,
    "n_runs": 18,
    "optimized_parameter_reduction_mean": 0.823419447633863,
    "optimized_parameter_reduction_sd": 0.037316835858250116,
    "paired_delta_2se": 0.025398500542109688,
    "paired_delta_mean": -0.18065133333333333,
    "parameters_mean": 8.0,
    "refreshes_mean": 0.0,
    "vjp_mean": 100.0
  },
  "p2:full_maqaoa:none": {
    "approx_ratio_mean": 0.9446186428571428,
    "approx_ratio_sd": 0.043592187593506054,
    "dense_jacobian_mean": 0.0,
    "forward_F_mean": 101.0,
    "jvp_mean": 0.0,
    "n_graph_depth_clusters": 14,
    "n_runs": 18,
    "optimized_parameter_reduction_mean": 0.0,
    "optimized_parameter_reduction_sd": 0.0,
    "paired_delta_2se": 0.0,
    "paired_delta_mean": 0.0,
    "parameters_mean": 47.42857142857143,
    "refreshes_mean": 0.0,
    "vjp_mean": 100.0
  },
  "p2:rsq:0.01": {
    "approx_ratio_mean": 0.8969522142857143,
    "approx_ratio_sd": 0.05357049520305909,
    "dense_jacobian_mean": 0.0,
    "forward_F_mean": 866.7619047619048,
    "jvp_mean": 155.04761904761904,
    "n_graph_depth_clusters": 14,
    "n_runs": 18,
    "optimized_parameter_reduction_mean": 0.6955292171314986,
    "optimized_parameter_reduction_sd": 0.03128665695521822,
    "paired_delta_2se": 0.024740487253893995,
    "paired_delta_mean": -0.047666428571428575,
    "parameters_mean": 14.714285714285714,
    "refreshes_mean": 3.0,
    "vjp_mean": 555.6666666666666
  },
  "p2:rsq:0.1": {
    "approx_ratio_mean": 0.905827119047619,
    "approx_ratio_sd": 0.05809525649282944,
    "dense_jacobian_mean": 0.0,
    "forward_F_mean": 809.3809523809524,
    "jvp_mean": 144.52380952380952,
    "n_graph_depth_clusters": 14,
    "n_runs": 18,
    "optimized_parameter_reduction_mean": 0.6955292171314986,
    "optimized_parameter_reduction_sd": 0.03128665695521822,
    "paired_delta_2se": 0.018432379307587385,
    "paired_delta_mean": -0.03879152380952382,
    "parameters_mean": 14.714285714285714,
    "refreshes_mean": 3.0,
    "vjp_mean": 519.3333333333334
  },
  "p2:rsq_adjoint_free:none": {
    "approx_ratio_mean": 0.7973674285714285,
    "approx_ratio_sd": 0.05338598158235548,
    "dense_jacobian_mean": 0.0,
    "forward_F_mean": 489.0,
    "jvp_mean": 144.0,
    "n_graph_depth_clusters": 14,
    "n_runs": 18,
    "optimized_parameter_reduction_mean": 0.823419447633863,
    "optimized_parameter_reduction_sd": 0.037316835858250116,
    "paired_delta_2se": 0.02651106432936975,
    "paired_delta_mean": -0.1472512142857143,
    "parameters_mean": 8.0,
    "refreshes_mean": 3.0,
    "vjp_mean": 0.0
  },
  "p2:symmetry:none": {
    "approx_ratio_mean": 0.9400744285714286,